crop,model,kdd,delta_log_yield
cartofi,unconstrained,0.41963470577753503,0.0
cartofi,unconstrained,1.5838890220090867,0.016956751802483405
cartofi,unconstrained,2.748143338240638,-0.15310326253598658
cartofi,unconstrained,3.9123976544721892,-0.19434658620194686
cartofi,unconstrained,5.076651970703741,-0.0812650129926702
cartofi,unconstrained,6.240906286935293,-0.08532641994631586
cartofi,unconstrained,7.405160603166844,-0.08674235041383761
cartofi,unconstrained,8.569414919398396,-0.08586391588207386
cartofi,unconstrained,9.733669235629947,-0.08586391588207386
cartofi,unconstrained,10.897923551861497,-0.08586391588207386
cartofi,unconstrained,12.06217786809305,-0.08586391588207386
cartofi,unconstrained,13.2264321843246,-0.09424164962458904
cartofi,unconstrained,14.390686500556152,-0.14477468600109536
cartofi,unconstrained,15.554940816787704,-0.16221185285861267
cartofi,unconstrained,16.71919513301926,-0.16221185285861267
cartofi,unconstrained,17.883449449250808,-0.16221185285861267
cartofi,unconstrained,19.04770376548236,-0.16221185285861267
cartofi,unconstrained,20.211958081713913,-0.1578734412150296
cartofi,unconstrained,21.376212397945462,-0.1578734412150296
cartofi,unconstrained,22.540466714177015,-0.14929180632014868
cartofi,unconstrained,23.704721030408567,-0.14929180632014868
cartofi,unconstrained,24.868975346640116,-0.14929180632014868
cartofi,unconstrained,26.03322966287167,-0.14929180632014868
cartofi,unconstrained,27.19748397910322,-0.14929180632014868
cartofi,unconstrained,28.36173829533477,-0.13316264129185998
cartofi,unconstrained,29.525992611566323,-0.13316264129185998
cartofi,unconstrained,30.690246927797876,-0.13316264129185998
cartofi,unconstrained,31.85450124402943,-0.13316264129185998
cartofi,unconstrained,33.01875556026098,-0.13316264129185998
cartofi,unconstrained,34.18300987649253,-0.13316264129185998
cartofi,unconstrained,35.347264192724076,-0.13316264129185998
cartofi,unconstrained,36.51151850895563,-0.13316264129185998
cartofi,unconstrained,37.67577282518718,-0.13316264129185998
cartofi,unconstrained,38.84002714141873,-0.13316264129185998
cartofi,unconstrained,40.004281457650286,-0.13316264129185998
cartofi,unconstrained,41.168535773881835,-0.13316264129185998
cartofi,unconstrained,42.332790090113384,-0.13316264129185998
cartofi,unconstrained,43.49704440634494,-0.13316264129185998
cartofi,unconstrained,44.66129872257649,-0.13316264129185998
cartofi,unconstrained,45.82555303880804,-0.13316264129185998
cartofi,monotonic,0.41963470577753503,0.0
cartofi,monotonic,1.5838890220090867,0.0
cartofi,monotonic,2.748143338240638,-0.12286523858862929
cartofi,monotonic,3.9123976544721892,-0.12508531022023003
cartofi,monotonic,5.076651970703741,-0.12616081807325916
cartofi,monotonic,6.240906286935293,-0.12616081807325916
cartofi,monotonic,7.405160603166844,-0.12616081807325916
cartofi,monotonic,8.569414919398396,-0.12616081807325916
cartofi,monotonic,9.733669235629947,-0.12616081807325916
cartofi,monotonic,10.897923551861497,-0.12616081807325916
cartofi,monotonic,12.06217786809305,-0.12616081807325916
cartofi,monotonic,13.2264321843246,-0.13527744375319592
cartofi,monotonic,14.390686500556152,-0.18079585743919677
cartofi,monotonic,15.554940816787704,-0.18872707734781627
cartofi,monotonic,16.71919513301926,-0.18872707734781627
cartofi,monotonic,17.883449449250808,-0.18872707734781627
cartofi,monotonic,19.04770376548236,-0.18872707734781627
cartofi,monotonic,20.211958081713913,-0.18872707734781627
cartofi,monotonic,21.376212397945462,-0.18872707734781627
cartofi,monotonic,22.540466714177015,-0.18872707734781627
cartofi,monotonic,23.704721030408567,-0.18872707734781627
cartofi,monotonic,24.868975346640116,-0.18872707734781627
cartofi,monotonic,26.03322966287167,-0.18872707734781627
cartofi,monotonic,27.19748397910322,-0.1934318963745496
cartofi,monotonic,28.36173829533477,-0.1934318963745496
cartofi,monotonic,29.525992611566323,-0.1934318963745496
cartofi,monotonic,30.690246927797876,-0.1934318963745496
cartofi,monotonic,31.85450124402943,-0.1934318963745496
cartofi,monotonic,33.01875556026098,-0.1934318963745496
cartofi,monotonic,34.18300987649253,-0.1934318963745496
cartofi,monotonic,35.347264192724076,-0.1934318963745496
cartofi,monotonic,36.51151850895563,-0.1934318963745496
cartofi,monotonic,37.67577282518718,-0.1934318963745496
cartofi,monotonic,38.84002714141873,-0.20150640068879608
cartofi,monotonic,40.004281457650286,-0.20150640068879608
cartofi,monotonic,41.168535773881835,-0.20150640068879608
cartofi,monotonic,42.332790090113384,-0.20150640068879608
cartofi,monotonic,43.49704440634494,-0.20150640068879608
cartofi,monotonic,44.66129872257649,-0.20150640068879608
cartofi,monotonic,45.82555303880804,-0.20150640068879608
floarea_soarelui,unconstrained,0.40359321638025786,0.0
floarea_soarelui,unconstrained,1.6040599095236259,-0.010951361457133097
floarea_soarelui,unconstrained,2.804526602666994,-0.012651041361342734
floarea_soarelui,unconstrained,4.004993295810362,-0.013503058040956334
floarea_soarelui,unconstrained,5.20545998895373,-0.007018870910986079
floarea_soarelui,unconstrained,6.405926682097098,-0.0009411150902844737
floarea_soarelui,unconstrained,7.606393375240466,-0.0015367673144061206
floarea_soarelui,unconstrained,8.806860068383834,-0.0021383431253565316
floarea_soarelui,unconstrained,10.007326761527203,-0.0021562257859158163
floarea_soarelui,unconstrained,11.207793454670572,-0.0019219897748498568
floarea_soarelui,unconstrained,12.40826014781394,-0.0015805205491402907
floarea_soarelui,unconstrained,13.608726840957306,0.023815993684428816
floarea_soarelui,unconstrained,14.809193534100675,0.01830630765847588
floarea_soarelui,unconstrained,16.009660227244044,-0.011353611528536695
floarea_soarelui,unconstrained,17.21012692038741,-0.011353611528536695
floarea_soarelui,unconstrained,18.41059361353078,-0.011729006244708559
floarea_soarelui,unconstrained,19.611060306674148,-0.010964312348079833
floarea_soarelui,unconstrained,20.811526999817517,-0.010964312348079833
floarea_soarelui,unconstrained,22.011993692960885,-0.010964312348079833
floarea_soarelui,unconstrained,23.21246038610425,-0.010964312348079833
floarea_soarelui,unconstrained,24.41292707924762,-0.01607955397628613
floarea_soarelui,unconstrained,25.61339377239099,-0.01607955397628613
floarea_soarelui,unconstrained,26.813860465534354,-0.01607955397628613
floarea_soarelui,unconstrained,28.014327158677723,-0.013046490505294939
floarea_soarelui,unconstrained,29.214793851821092,-0.012045608100146155
floarea_soarelui,unconstrained,30.41526054496446,-0.1474271734795505
floarea_soarelui,unconstrained,31.61572723810783,-0.1441164979276095
floarea_soarelui,unconstrained,32.8161939312512,-0.3010949718821556
floarea_soarelui,unconstrained,34.01666062439456,-0.43959257639631405
floarea_soarelui,unconstrained,35.21712731753793,-0.44043709522203217
floarea_soarelui,unconstrained,36.4175940106813,-0.44927980178351673
floarea_soarelui,unconstrained,37.61806070382467,-0.45005626642589935
floarea_soarelui,unconstrained,38.81852739696804,-0.45005626642589935
floarea_soarelui,unconstrained,40.018994090111406,-0.45005626642589935
floarea_soarelui,unconstrained,41.219460783254775,-0.45005626642589935
floarea_soarelui,unconstrained,42.41992747639814,-0.45005626642589935
floarea_soarelui,unconstrained,43.62039416954151,-0.45005626642589935
floarea_soarelui,unconstrained,44.820860862684874,-0.45005626642589935
floarea_soarelui,unconstrained,46.02132755582824,-0.45005626642589935
floarea_soarelui,unconstrained,47.22179424897161,-0.45005626642589935
floarea_soarelui,monotonic,0.40359321638025786,0.0
floarea_soarelui,monotonic,1.6040599095236259,-0.0028150582881713293
floarea_soarelui,monotonic,2.804526602666994,-0.004057704288575041
floarea_soarelui,monotonic,4.004993295810362,-0.004057704288575041
floarea_soarelui,monotonic,5.20545998895373,-0.004967623481814051
floarea_soarelui,monotonic,6.405926682097098,-0.004967623481814051
floarea_soarelui,monotonic,7.606393375240466,-0.004967623481814051
floarea_soarelui,monotonic,8.806860068383834,-0.004967623481814051
floarea_soarelui,monotonic,10.007326761527203,-0.004967623481814051
floarea_soarelui,monotonic,11.207793454670572,-0.004967623481814051
floarea_soarelui,monotonic,12.40826014781394,-0.005841434398244694
floarea_soarelui,monotonic,13.608726840957306,-0.005841434398244694
floarea_soarelui,monotonic,14.809193534100675,-0.006451180595094322
floarea_soarelui,monotonic,16.009660227244044,-0.020847083308947852
floarea_soarelui,monotonic,17.21012692038741,-0.022743692911717763
floarea_soarelui,monotonic,18.41059361353078,-0.022743692911717763
floarea_soarelui,monotonic,19.611060306674148,-0.022743692911717763
floarea_soarelui,monotonic,20.811526999817517,-0.022743692911717763
floarea_soarelui,monotonic,22.011993692960885,-0.02358171806804538
floarea_soarelui,monotonic,23.21246038610425,-0.02358171806804538
floarea_soarelui,monotonic,24.41292707924762,-0.027945313538615273
floarea_soarelui,monotonic,25.61339377239099,-0.027945313538615273
floarea_soarelui,monotonic,26.813860465534354,-0.027945313538615273
floarea_soarelui,monotonic,28.014327158677723,-0.029664037194536568
floarea_soarelui,monotonic,29.214793851821092,-0.03290107441446905
floarea_soarelui,monotonic,30.41526054496446,-0.095222781980188
floarea_soarelui,monotonic,31.61572723810783,-0.095222781980188
floarea_soarelui,monotonic,32.8161939312512,-0.28520076371819053
floarea_soarelui,monotonic,34.01666062439456,-0.3553144453675805
floarea_soarelui,monotonic,35.21712731753793,-0.3553144453675805
floarea_soarelui,monotonic,36.4175940106813,-0.3585782393997828
floarea_soarelui,monotonic,37.61806070382467,-0.3585782393997828
floarea_soarelui,monotonic,38.81852739696804,-0.3585782393997828
floarea_soarelui,monotonic,40.018994090111406,-0.3585782393997828
floarea_soarelui,monotonic,41.219460783254775,-0.3585782393997828
floarea_soarelui,monotonic,42.41992747639814,-0.3585782393997828
floarea_soarelui,monotonic,43.62039416954151,-0.3585782393997828
floarea_soarelui,monotonic,44.820860862684874,-0.3585782393997828
floarea_soarelui,monotonic,46.02132755582824,-0.3585782393997828
floarea_soarelui,monotonic,47.22179424897161,-0.3585782393997828
griu,unconstrained,0.40359321638025786,0.0
griu,unconstrained,1.6040599095236259,0.008737907192741009
griu,unconstrained,2.804526602666994,0.010495263146160195
griu,unconstrained,4.004993295810362,0.011378230503486714
griu,unconstrained,5.20545998895373,0.018345176138192035
griu,unconstrained,6.405926682097098,0.016628383439136907
griu,unconstrained,7.606393375240466,0.017956767203422073
griu,unconstrained,8.806860068383834,0.01611954730708637
griu,unconstrained,10.007326761527203,0.015340094288291391
griu,unconstrained,11.207793454670572,0.0160404386648352
griu,unconstrained,12.40826014781394,0.01374283810042444
griu,unconstrained,13.608726840957306,0.018750050107237844
griu,unconstrained,14.809193534100675,0.018750050107237844
griu,unconstrained,16.009660227244044,0.017761291181583542
griu,unconstrained,17.21012692038741,0.015704241285259216
griu,unconstrained,18.41059361353078,0.013960225550952174
griu,unconstrained,19.611060306674148,0.013712837479860343
griu,unconstrained,20.811526999817517,0.013712837479860343
griu,unconstrained,22.011993692960885,0.014043295415235689
griu,unconstrained,23.21246038610425,0.014043295415235689
griu,unconstrained,24.41292707924762,0.013077305017238625
griu,unconstrained,25.61339377239099,0.013077305017238625
griu,unconstrained,26.813860465534354,0.011804249681537813
griu,unconstrained,28.014327158677723,0.011804249681537813
griu,unconstrained,29.214793851821092,0.011804249681537813
griu,unconstrained,30.41526054496446,-0.023367351782831728
griu,unconstrained,31.61572723810783,-0.023367351782831728
griu,unconstrained,32.8161939312512,-0.023367351782831728
griu,unconstrained,34.01666062439456,-0.09069930109769443
griu,unconstrained,35.21712731753793,-0.09069930109769443
griu,unconstrained,36.4175940106813,-0.09069930109769443
griu,unconstrained,37.61806070382467,-0.08210969737611674
griu,unconstrained,38.81852739696804,-0.08210969737611674
griu,unconstrained,40.018994090111406,-0.08210969737611674
griu,unconstrained,41.219460783254775,-0.08210969737611674
griu,unconstrained,42.41992747639814,-0.08210969737611674
griu,unconstrained,43.62039416954151,-0.08210969737611674
griu,unconstrained,44.820860862684874,-0.08210969737611674
griu,unconstrained,46.02132755582824,-0.08210969737611674
griu,unconstrained,47.22179424897161,-0.08210969737611674
griu,monotonic,0.40359321638025786,0.0
griu,monotonic,1.6040599095236259,-5.699698129234092e-05
griu,monotonic,2.804526602666994,-5.699698129234092e-05
griu,monotonic,4.004993295810362,-5.699698129234092e-05
griu,monotonic,5.20545998895373,-0.0005458035185108932
griu,monotonic,6.405926682097098,-0.004267407949381766
griu,monotonic,7.606393375240466,-0.004267407949381766
griu,monotonic,8.806860068383834,-0.004541072592366212
griu,monotonic,10.007326761527203,-0.004541072592366212
griu,monotonic,11.207793454670572,-0.0049894161238574096
griu,monotonic,12.40826014781394,-0.007326941503231034
griu,monotonic,13.608726840957306,-0.008083216008480125
griu,monotonic,14.809193534100675,-0.008083216008480125
griu,monotonic,16.009660227244044,-0.008083216008480125
griu,monotonic,17.21012692038741,-0.01290639479922562
griu,monotonic,18.41059361353078,-0.01290639479922562
griu,monotonic,19.611060306674148,-0.01290639479922562
griu,monotonic,20.811526999817517,-0.01290639479922562
griu,monotonic,22.011993692960885,-0.01290639479922562
griu,monotonic,23.21246038610425,-0.01290639479922562
griu,monotonic,24.41292707924762,-0.01290639479922562
griu,monotonic,25.61339377239099,-0.013716696973343637
griu,monotonic,26.813860465534354,-0.013716696973343637
griu,monotonic,28.014327158677723,-0.013716696973343637
griu,monotonic,29.214793851821092,-0.013716696973343637
griu,monotonic,30.41526054496446,-0.03727117793789004
griu,monotonic,31.61572723810783,-0.03727117793789004
griu,monotonic,32.8161939312512,-0.03727117793789004
griu,monotonic,34.01666062439456,-0.12487927636385067
griu,monotonic,35.21712731753793,-0.12487927636385067
griu,monotonic,36.4175940106813,-0.12487927636385067
griu,monotonic,37.61806070382467,-0.12487927636385067
griu,monotonic,38.81852739696804,-0.12487927636385067
griu,monotonic,40.018994090111406,-0.12487927636385067
griu,monotonic,41.219460783254775,-0.12487927636385067
griu,monotonic,42.41992747639814,-0.12487927636385067
griu,monotonic,43.62039416954151,-0.12487927636385067
griu,monotonic,44.820860862684874,-0.12487927636385067
griu,monotonic,46.02132755582824,-0.12487927636385067
griu,monotonic,47.22179424897161,-0.12487927636385067
legume,unconstrained,0.38450996177378793,0.0
legume,unconstrained,1.5715216091577044,0.015430947328635489
legume,unconstrained,2.7585332565416207,0.091490479708371
legume,unconstrained,3.945544903925538,-0.07102731523821769
legume,unconstrained,5.132556551309454,-0.029342706210334798
legume,unconstrained,6.3195681986933705,-0.029342706210334798
legume,unconstrained,7.506579846077288,-0.03627870668254727
legume,unconstrained,8.693591493461202,-0.04963579106251382
legume,unconstrained,9.88060314084512,-0.04963579106251382
legume,unconstrained,11.067614788229037,-0.024607535268363224
legume,unconstrained,12.254626435612952,0.004025049011698929
legume,unconstrained,13.44163808299687,-0.05055090809341233
legume,unconstrained,14.628649730380786,-0.0582063028437042
legume,unconstrained,15.815661377764702,-0.0582063028437042
legume,unconstrained,17.002673025148617,-0.0582063028437042
legume,unconstrained,18.189684672532536,-0.0582063028437042
legume,unconstrained,19.37669631991645,-0.0582063028437042
legume,unconstrained,20.563707967300367,-0.059587173452862206
legume,unconstrained,21.750719614684286,-0.059587173452862206
legume,unconstrained,22.9377312620682,-0.059587173452862206
legume,unconstrained,24.124742909452117,-0.059587173452862206
legume,unconstrained,25.311754556836036,-0.059587173452862206
legume,unconstrained,26.49876620421995,-0.059587173452862206
legume,unconstrained,27.685777851603866,-0.06094214324108546
legume,unconstrained,28.872789498987785,-0.06094214324108546
legume,unconstrained,30.0598011463717,-0.05793792290003899
legume,unconstrained,31.246812793755616,-0.05793792290003899
legume,unconstrained,32.433824441139535,-0.05793792290003899
legume,unconstrained,33.62083608852345,-0.05793792290003899
legume,unconstrained,34.807847735907366,-0.05793792290003899
legume,unconstrained,35.994859383291285,-0.05793792290003899
legume,unconstrained,37.1818710306752,-0.05793792290003899
legume,unconstrained,38.368882678059116,-0.05793792290003899
legume,unconstrained,39.555894325443035,-0.05793792290003899
legume,unconstrained,40.74290597282695,-0.15730072532314673
legume,unconstrained,41.929917620210865,-0.15730072532314673
legume,unconstrained,43.116929267594784,-0.15730072532314673
legume,unconstrained,44.303940914978696,-0.15730072532314673
legume,unconstrained,45.490952562362615,-0.15730072532314673
legume,unconstrained,46.677964209746534,-0.15730072532314673
legume,monotonic,0.38450996177378793,0.0
legume,monotonic,1.5715216091577044,0.0
legume,monotonic,2.7585332565416207,-0.0043276224320627915
legume,monotonic,3.945544903925538,-0.060116529319733915
legume,monotonic,5.132556551309454,-0.07899554127715101
legume,monotonic,6.3195681986933705,-0.079997955923235
legume,monotonic,7.506579846077288,-0.08219655300823846
legume,monotonic,8.693591493461202,-0.08559969811841807
legume,monotonic,9.88060314084512,-0.08559969811841807
legume,monotonic,11.067614788229037,-0.08559969811841807
legume,monotonic,12.254626435612952,-0.08559969811841807
legume,monotonic,13.44163808299687,-0.11756073322260657
legume,monotonic,14.628649730380786,-0.12557634391767114
legume,monotonic,15.815661377764702,-0.12557634391767114
legume,monotonic,17.002673025148617,-0.12557634391767114
legume,monotonic,18.189684672532536,-0.12557634391767114
legume,monotonic,19.37669631991645,-0.12557634391767114
legume,monotonic,20.563707967300367,-0.12557634391767114
legume,monotonic,21.750719614684286,-0.12557634391767114
legume,monotonic,22.9377312620682,-0.13033070166540497
legume,monotonic,24.124742909452117,-0.13033070166540497
legume,monotonic,25.311754556836036,-0.13033070166540497
legume,monotonic,26.49876620421995,-0.13033070166540497
legume,monotonic,27.685777851603866,-0.13464940424535302
legume,monotonic,28.872789498987785,-0.13464940424535302
legume,monotonic,30.0598011463717,-0.13464940424535302
legume,monotonic,31.246812793755616,-0.13464940424535302
legume,monotonic,32.433824441139535,-0.13464940424535302
legume,monotonic,33.62083608852345,-0.13464940424535302
legume,monotonic,34.807847735907366,-0.13464940424535302
legume,monotonic,35.994859383291285,-0.13464940424535302
legume,monotonic,37.1818710306752,-0.13464940424535302
legume,monotonic,38.368882678059116,-0.13464940424535302
legume,monotonic,39.555894325443035,-0.13464940424535302
legume,monotonic,40.74290597282695,-0.23175935506364184
legume,monotonic,41.929917620210865,-0.23175935506364184
legume,monotonic,43.116929267594784,-0.23175935506364184
legume,monotonic,44.303940914978696,-0.23175935506364184
legume,monotonic,45.490952562362615,-0.23175935506364184
legume,monotonic,46.677964209746534,-0.23175935506364184
orz,unconstrained,0.40359321638025786,0.0
orz,unconstrained,1.6040599095236259,0.003576048960816825
orz,unconstrained,2.804526602666994,0.007885452989431158
orz,unconstrained,4.004993295810362,0.006674359909871543
orz,unconstrained,5.20545998895373,0.002690698273473322
orz,unconstrained,6.405926682097098,0.015491482500679629
orz,unconstrained,7.606393375240466,0.012932446823932395
orz,unconstrained,8.806860068383834,0.012932446823932395
orz,unconstrained,10.007326761527203,0.012932446823932395
orz,unconstrained,11.207793454670572,0.012629809649483034
orz,unconstrained,12.40826014781394,0.012629809649483034
orz,unconstrained,13.608726840957306,0.024489411593789274
orz,unconstrained,14.809193534100675,0.02600356185061768
orz,unconstrained,16.009660227244044,0.02600356185061768
orz,unconstrained,17.21012692038741,0.0005888326325336167
orz,unconstrained,18.41059361353078,-0.0016109921672064487
orz,unconstrained,19.611060306674148,-0.0016109921672064487
orz,unconstrained,20.811526999817517,-0.0030704090302966836
orz,unconstrained,22.011993692960885,-0.0030704090302966836
orz,unconstrained,23.21246038610425,-0.0030704090302966836
orz,unconstrained,24.41292707924762,-0.004069975066406329
orz,unconstrained,25.61339377239099,-0.004069975066406329
orz,unconstrained,26.813860465534354,-0.004069975066406329
orz,unconstrained,28.014327158677723,-0.004069975066406329
orz,unconstrained,29.214793851821092,-0.017255146557846688
orz,unconstrained,30.41526054496446,-0.059627712051829006
orz,unconstrained,31.61572723810783,-0.07999787537858662
orz,unconstrained,32.8161939312512,-0.1197374880577326
orz,unconstrained,34.01666062439456,-0.1197374880577326
orz,unconstrained,35.21712731753793,-0.126721107393779
orz,unconstrained,36.4175940106813,-0.126721107393779
orz,unconstrained,37.61806070382467,-0.12839599070362392
orz,unconstrained,38.81852739696804,-0.12839599070362392
orz,unconstrained,40.018994090111406,-0.12839599070362392
orz,unconstrained,41.219460783254775,-0.12839599070362392
orz,unconstrained,42.41992747639814,-0.12839599070362392
orz,unconstrained,43.62039416954151,-0.12839599070362392
orz,unconstrained,44.820860862684874,-0.12839599070362392
orz,unconstrained,46.02132755582824,-0.12839599070362392
orz,unconstrained,47.22179424897161,-0.12839599070362392
orz,monotonic,0.40359321638025786,0.0
orz,monotonic,1.6040599095236259,0.0
orz,monotonic,2.804526602666994,0.0
orz,monotonic,4.004993295810362,-0.0008741667017189286
orz,monotonic,5.20545998895373,-0.0008741667017189286
orz,monotonic,6.405926682097098,-0.0008741667017189286
orz,monotonic,7.606393375240466,-0.0008741667017189286
orz,monotonic,8.806860068383834,-0.0008741667017189286
orz,monotonic,10.007326761527203,-0.0008741667017189286
orz,monotonic,11.207793454670572,-0.0008741667017189286
orz,monotonic,12.40826014781394,-0.0008741667017189286
orz,monotonic,13.608726840957306,-0.0008741667017189286
orz,monotonic,14.809193534100675,-0.0008741667017189286
orz,monotonic,16.009660227244044,-0.0008741667017189286
orz,monotonic,17.21012692038741,-0.019783022604124324
orz,monotonic,18.41059361353078,-0.019783022604124324
orz,monotonic,19.611060306674148,-0.019783022604124324
orz,monotonic,20.811526999817517,-0.02073668057110733
orz,monotonic,22.011993692960885,-0.02167260973810534
orz,monotonic,23.21246038610425,-0.02167260973810534
orz,monotonic,24.41292707924762,-0.02167260973810534
orz,monotonic,25.61339377239099,-0.02167260973810534
orz,monotonic,26.813860465534354,-0.02167260973810534
orz,monotonic,28.014327158677723,-0.02355322929683615
orz,monotonic,29.214793851821092,-0.04071270799078257
orz,monotonic,30.41526054496446,-0.08073449602696327
orz,monotonic,31.61572723810783,-0.09263323421495646
orz,monotonic,32.8161939312512,-0.12452268919537633
orz,monotonic,34.01666062439456,-0.12452268919537633
orz,monotonic,35.21712731753793,-0.13230601133906247
orz,monotonic,36.4175940106813,-0.13230601133906247
orz,monotonic,37.61806070382467,-0.13230601133906247
orz,monotonic,38.81852739696804,-0.13230601133906247
orz,monotonic,40.018994090111406,-0.13230601133906247
orz,monotonic,41.219460783254775,-0.13230601133906247
orz,monotonic,42.41992747639814,-0.13230601133906247
orz,monotonic,43.62039416954151,-0.13230601133906247
orz,monotonic,44.820860862684874,-0.13230601133906247
orz,monotonic,46.02132755582824,-0.13230601133906247
orz,monotonic,47.22179424897161,-0.13230601133906247
porumb,unconstrained,0.40299686467380563,0.0
porumb,unconstrained,1.6035152008184754,0.007725673309912973
porumb,unconstrained,2.8040335369631455,0.017691803814430297
porumb,unconstrained,4.004551873107815,0.019690943777713354
porumb,unconstrained,5.205070209252485,0.02036420548557184
porumb,unconstrained,6.405588545397155,0.02009271298319354
porumb,unconstrained,7.606106881541824,0.021952851067547602
porumb,unconstrained,8.806625217686495,0.020251127921726286
porumb,unconstrained,10.007143553831165,0.014214818662750149
porumb,unconstrained,11.207661889975835,0.01184010381133358
porumb,unconstrained,12.408180226120505,0.01184010381133358
porumb,unconstrained,13.608698562265175,0.025135664584799707
porumb,unconstrained,14.809216898409844,0.025980512431723
porumb,unconstrained,16.009735234554512,0.025980512431723
porumb,unconstrained,17.210253570699184,0.025980512431723
porumb,unconstrained,18.410771906843856,-0.015981663825321738
porumb,unconstrained,19.611290242988524,-0.014511936496768687
porumb,unconstrained,20.811808579133192,-0.014511936496768687
porumb,unconstrained,22.012326915277864,-0.023027531751476257
porumb,unconstrained,23.212845251422532,-0.03585413224265655
porumb,unconstrained,24.413363587567204,-0.03585413224265655
porumb,unconstrained,25.613881923711872,-0.04013277556681642
porumb,unconstrained,26.814400259856544,-0.048135155234235956
porumb,unconstrained,28.014918596001213,-0.0435650925676515
porumb,unconstrained,29.21543693214588,-0.0435650925676515
porumb,unconstrained,30.415955268290553,-0.1084253453180304
porumb,unconstrained,31.61647360443522,-0.1084253453180304
porumb,unconstrained,32.81699194057989,-0.17332363130513406
porumb,unconstrained,34.01751027672456,-0.3587030904967529
porumb,unconstrained,35.218028612869226,-0.3587030904967529
porumb,unconstrained,36.4185469490139,-0.3587030904967529
porumb,unconstrained,37.61906528515857,-0.3587030904967529
porumb,unconstrained,38.81958362130324,-0.3587030904967529
porumb,unconstrained,40.020101957447906,-0.36434013632694456
porumb,unconstrained,41.220620293592575,-0.5589067307678358
porumb,unconstrained,42.42113862973725,-0.5589067307678358
porumb,unconstrained,43.62165696588192,-0.5589067307678358
porumb,unconstrained,44.82217530202659,-0.5589067307678358
porumb,unconstrained,46.022693638171255,-0.5589067307678358
porumb,unconstrained,47.22321197431593,-0.5589067307678358
porumb,monotonic,0.40299686467380563,0.0
porumb,monotonic,1.6035152008184754,0.0
porumb,monotonic,2.8040335369631455,-0.0007895811773903499
porumb,monotonic,4.004551873107815,-0.009335701074761657
porumb,monotonic,5.205070209252485,-0.009335701074761657
porumb,monotonic,6.405588545397155,-0.01078436498114449
porumb,monotonic,7.606106881541824,-0.01078436498114449
porumb,monotonic,8.806625217686495,-0.010962800527029012
porumb,monotonic,10.007143553831165,-0.014938756899924549
porumb,monotonic,11.207661889975835,-0.014938756899924549
porumb,monotonic,12.408180226120505,-0.01686976179313483
porumb,monotonic,13.608698562265175,-0.01686976179313483
porumb,monotonic,14.809216898409844,-0.01944324906113647
porumb,monotonic,16.009735234554512,-0.01944324906113647
porumb,monotonic,17.210253570699184,-0.01944324906113647
porumb,monotonic,18.410771906843856,-0.06801047648876969
porumb,monotonic,19.611290242988524,-0.06801047648876969
porumb,monotonic,20.811808579133192,-0.06801047648876969
porumb,monotonic,22.012326915277864,-0.09869537390415116
porumb,monotonic,23.212845251422532,-0.1158183939563442
porumb,monotonic,24.413363587567204,-0.11639430307586472
porumb,monotonic,25.613881923711872,-0.12782621588709844
porumb,monotonic,26.814400259856544,-0.1477634028529742
porumb,monotonic,28.014918596001213,-0.1477634028529742
porumb,monotonic,29.21543693214588,-0.1477634028529742
porumb,monotonic,30.415955268290553,-0.1837452019741793
porumb,monotonic,31.61647360443522,-0.1837452019741793
porumb,monotonic,32.81699194057989,-0.24846913459530462
porumb,monotonic,34.01751027672456,-0.4475934548806689
porumb,monotonic,35.218028612869226,-0.4475934548806689
porumb,monotonic,36.4185469490139,-0.4475934548806689
porumb,monotonic,37.61906528515857,-0.4475934548806689
porumb,monotonic,38.81958362130324,-0.4475934548806689
porumb,monotonic,40.020101957447906,-0.45066910477660643
porumb,monotonic,41.220620293592575,-0.6382454921826186
porumb,monotonic,42.42113862973725,-0.6382454921826186
porumb,monotonic,43.62165696588192,-0.6382454921826186
porumb,monotonic,44.82217530202659,-0.6382454921826186
porumb,monotonic,46.022693638171255,-0.6382454921826186
porumb,monotonic,47.22321197431593,-0.6382454921826186
sfecla,unconstrained,0.09095175346045456,0.0
sfecla,unconstrained,1.1839790717299672,0.004586548349141836
sfecla,unconstrained,2.27700638999948,0.025230964102543357
sfecla,unconstrained,3.3700337082689926,0.026152691457992955
sfecla,unconstrained,4.463061026538505,-0.01683817898058165
sfecla,unconstrained,5.5560883448080185,-0.014167840612676062
sfecla,unconstrained,6.649115663077531,-0.016456343674616212
sfecla,unconstrained,7.742142981347043,-0.01736236102921665
sfecla,unconstrained,8.835170299616557,0.019214833243208496
sfecla,unconstrained,9.92819761788607,0.019214833243208496
sfecla,unconstrained,11.021224936155583,0.019214833243208496
sfecla,unconstrained,12.114252254425095,0.005762365966058766
sfecla,unconstrained,13.207279572694608,0.004741977108262754
sfecla,unconstrained,14.300306890964121,-0.07432523979190879
sfecla,unconstrained,15.393334209233632,-0.11733981604612766
sfecla,unconstrained,16.486361527503146,-0.3378827826020587
sfecla,unconstrained,17.57938884577266,-0.3378827826020587
sfecla,unconstrained,18.672416164042172,-0.3378827826020587
sfecla,unconstrained,19.765443482311685,-0.32282883155291614
sfecla,unconstrained,20.8584708005812,-0.32282883155291614
sfecla,unconstrained,21.95149811885071,-0.44813041219318883
sfecla,unconstrained,23.04452543712022,-0.44813041219318883
sfecla,unconstrained,24.137552755389734,-0.44813041219318883
sfecla,unconstrained,25.230580073659247,-0.44813041219318883
sfecla,unconstrained,26.32360739192876,-0.44813041219318883
sfecla,unconstrained,27.416634710198274,-0.44813041219318883
sfecla,unconstrained,28.509662028467787,-0.44813041219318883
sfecla,unconstrained,29.6026893467373,-0.44813041219318883
sfecla,unconstrained,30.69571666500681,-0.44813041219318883
sfecla,unconstrained,31.788743983276323,-0.44813041219318883
sfecla,unconstrained,32.88177130154583,-0.44813041219318883
sfecla,unconstrained,33.974798619815346,-0.44813041219318883
sfecla,unconstrained,35.06782593808486,-0.44813041219318883
sfecla,unconstrained,36.16085325635437,-0.44813041219318883
sfecla,unconstrained,37.253880574623885,-0.44813041219318883
sfecla,unconstrained,38.3469078928934,-0.44813041219318883
sfecla,unconstrained,39.43993521116291,-0.44813041219318883
sfecla,unconstrained,40.532962529432425,-0.44813041219318883
sfecla,unconstrained,41.62598984770194,-0.44813041219318883
sfecla,unconstrained,42.719017165971444,-0.44813041219318883
sfecla,monotonic,0.09095175346045456,0.0
sfecla,monotonic,1.1839790717299672,0.0
sfecla,monotonic,2.27700638999948,0.0
sfecla,monotonic,3.3700337082689926,-0.0029842721840981773
sfecla,monotonic,4.463061026538505,-0.023579723800807365
sfecla,monotonic,5.5560883448080185,-0.024043441277442627
sfecla,monotonic,6.649115663077531,-0.02464471193195089
sfecla,monotonic,7.742142981347043,-0.0254332325705998
sfecla,monotonic,8.835170299616557,-0.0254332325705998
sfecla,monotonic,9.92819761788607,-0.0254332325705998
sfecla,monotonic,11.021224936155583,-0.0254332325705998
sfecla,monotonic,12.114252254425095,-0.026666132380534946
sfecla,monotonic,13.207279572694608,-0.027752297823901845
sfecla,monotonic,14.300306890964121,-0.15966258158552368
sfecla,monotonic,15.393334209233632,-0.16391420411118302
sfecla,monotonic,16.486361527503146,-0.31474957260104747
sfecla,monotonic,17.57938884577266,-0.31474957260104747
sfecla,monotonic,18.672416164042172,-0.31474957260104747
sfecla,monotonic,19.765443482311685,-0.31474957260104747
sfecla,monotonic,20.8584708005812,-0.31474957260104747
sfecla,monotonic,21.95149811885071,-0.42794762027704264
sfecla,monotonic,23.04452543712022,-0.42794762027704264
sfecla,monotonic,24.137552755389734,-0.42794762027704264
sfecla,monotonic,25.230580073659247,-0.42794762027704264
sfecla,monotonic,26.32360739192876,-0.42794762027704264
sfecla,monotonic,27.416634710198274,-0.42794762027704264
sfecla,monotonic,28.509662028467787,-0.42794762027704264
sfecla,monotonic,29.6026893467373,-0.42794762027704264
sfecla,monotonic,30.69571666500681,-0.42794762027704264
sfecla,monotonic,31.788743983276323,-0.42794762027704264
sfecla,monotonic,32.88177130154583,-0.42794762027704264
sfecla,monotonic,33.974798619815346,-0.42794762027704264
sfecla,monotonic,35.06782593808486,-0.42794762027704264
sfecla,monotonic,36.16085325635437,-0.42794762027704264
sfecla,monotonic,37.253880574623885,-0.42794762027704264
sfecla,monotonic,38.3469078928934,-0.42794762027704264
sfecla,monotonic,39.43993521116291,-0.42794762027704264
sfecla,monotonic,40.532962529432425,-0.42794762027704264
sfecla,monotonic,41.62598984770194,-0.42794762027704264
sfecla,monotonic,42.719017165971444,-0.42794762027704264
soia,unconstrained,0.15068461399492988,0.0
soia,unconstrained,1.2528381595215428,0.0
soia,unconstrained,2.354991705048156,0.02602545968925113
soia,unconstrained,3.457145250574769,-0.05842962578952907
soia,unconstrained,4.559298796101381,-0.0813405600738396
soia,unconstrained,5.661452341627994,-0.23750046998966493
soia,unconstrained,6.763605887154608,-0.23175840463675937
soia,unconstrained,7.86575943268122,-0.22465401224202264
soia,unconstrained,8.967912978207833,-0.2202099191939809
soia,unconstrained,10.070066523734447,-0.21399795831131044
soia,unconstrained,11.172220069261058,-0.21399795831131044
soia,unconstrained,12.274373614787672,-0.22659849311481836
soia,unconstrained,13.376527160314286,-0.22659849311481836
soia,unconstrained,14.478680705840898,-0.22659849311481836
soia,unconstrained,15.580834251367511,-0.2358587087129028
soia,unconstrained,16.682987796894125,-0.24448248919869012
soia,unconstrained,17.785141342420737,-0.24448248919869012
soia,unconstrained,18.88729488794735,-0.24325778742584256
soia,unconstrained,19.989448433473964,-0.22958637125226464
soia,unconstrained,21.091601979000576,-0.22958637125226464
soia,unconstrained,22.193755524527187,-0.22958637125226464
soia,unconstrained,23.295909070053803,-0.24048590758706156
soia,unconstrained,24.398062615580415,-0.24048590758706156
soia,unconstrained,25.500216161107026,-0.24048590758706156
soia,unconstrained,26.60236970663364,-0.24048590758706156
soia,unconstrained,27.704523252160254,-0.283244885986032
soia,unconstrained,28.806676797686865,-0.283244885986032
soia,unconstrained,29.908830343213477,-0.2919340742424734
soia,unconstrained,31.010983888740093,-0.2919340742424734
soia,unconstrained,32.113137434266704,-0.2919340742424734
soia,unconstrained,33.21529097979332,-0.2919340742424734
soia,unconstrained,34.317444525319935,-0.2919340742424734
soia,unconstrained,35.41959807084655,-0.2919340742424734
soia,unconstrained,36.52175161637316,-0.41515690553145573
soia,unconstrained,37.62390516189977,-0.41515690553145573
soia,unconstrained,38.72605870742638,-0.41515690553145573
soia,unconstrained,39.828212252953,-0.41515690553145573
soia,unconstrained,40.93036579847961,-0.41515690553145573
soia,unconstrained,42.032519344006225,-0.41515690553145573
soia,unconstrained,43.13467288953284,-0.41515690553145573
soia,monotonic,0.15068461399492988,0.0
soia,monotonic,1.2528381595215428,0.0
soia,monotonic,2.354991705048156,0.0
soia,monotonic,3.457145250574769,-0.062272523540425014
soia,monotonic,4.559298796101381,-0.09565565317048164
soia,monotonic,5.661452341627994,-0.22198643243605062
soia,monotonic,6.763605887154608,-0.22623122834267584
soia,monotonic,7.86575943268122,-0.22623122834267584
soia,monotonic,8.967912978207833,-0.22623122834267584
soia,monotonic,10.070066523734447,-0.22623122834267584
soia,monotonic,11.172220069261058,-0.22623122834267584
soia,monotonic,12.274373614787672,-0.22895847297642394
soia,monotonic,13.376527160314286,-0.22895847297642394
soia,monotonic,14.478680705840898,-0.23176859294121008
soia,monotonic,15.580834251367511,-0.24224185720643818
soia,monotonic,16.682987796894125,-0.24842574240405688
soia,monotonic,17.785141342420737,-0.24842574240405688
soia,monotonic,18.88729488794735,-0.24842574240405688
soia,monotonic,19.989448433473964,-0.24842574240405688
soia,monotonic,21.091601979000576,-0.24842574240405688
soia,monotonic,22.193755524527187,-0.24939475233828287
soia,monotonic,23.295909070053803,-0.25220487121884666
soia,monotonic,24.398062615580415,-0.25220487121884666
soia,monotonic,25.500216161107026,-0.25220487121884666
soia,monotonic,26.60236970663364,-0.25220487121884666
soia,monotonic,27.704523252160254,-0.28266862466133164
soia,monotonic,28.806676797686865,-0.28266862466133164
soia,monotonic,29.908830343213477,-0.28266862466133164
soia,monotonic,31.010983888740093,-0.28266862466133164
soia,monotonic,32.113137434266704,-0.28266862466133164
soia,monotonic,33.21529097979332,-0.28266862466133164
soia,monotonic,34.317444525319935,-0.28266862466133164
soia,monotonic,35.41959807084655,-0.28266862466133164
soia,monotonic,36.52175161637316,-0.42233443122644615
soia,monotonic,37.62390516189977,-0.42233443122644615
soia,monotonic,38.72605870742638,-0.42233443122644615
soia,monotonic,39.828212252953,-0.42233443122644615
soia,monotonic,40.93036579847961,-0.42233443122644615
soia,monotonic,42.032519344006225,-0.42233443122644615
soia,monotonic,43.13467288953284,-0.42233443122644615
